"","Company_Nm","agency","date","lon","lat"
"1","Alameda-Contra Costa Transit District","Alameda-Contra Costa Transit District, Oakland, CA","26-Jun-11",-122.2711639,37.8043514
"2","Antelope Valley Transit Authority","Antelope Valley Transit Authority, Lancaster, CA","3-May-21",-118.166995,34.704167
"3","Capital District Transportation Authority","Capital District Transportation Authority, Albany, NY","5-Sep-13",-73.7804789,42.6780904
"4","Cities Area Transit","Cities Area Transit, Grand Forks, ND","31-Dec-16",-97.0319737,47.924547
"5","City and County of Honolulu Department of Transportation Services","City and County of Honolulu Department of Transportation Services, Honolulu, HI","15-Sep-06",-157.8547884,21.3042128
"6","City of Harrisonburg Department of Public Transportation","City of Harrisonburg Department of Public Transportation, Harrisonburg, VA","1-Aug-15",-78.8521154,38.4538611
"7","City of Santa Rosa","City of Santa Rosa, Santa Rosa, CA","5-Aug-10",-122.7115083,38.4379389
"8","City of Waukesha Transit Commission","City of Waukesha Transit Commission, Waukesha, WI","1-Nov-14",-88.2314813,43.0116784
"9","Coast Transit Authority","Coast Transit Authority, Gulfport, MS","30-Jun-22",-89.0020599,30.403205
"10","Connecticut Department of Transportation","Connecticut Department of Transportation, Newington, CT","24-Oct-11",-72.7145735,41.6732505
"11","Escambia County Area Transit","Escambia County Area Transit, Pensacola, FL","1-Aug-15",-87.2351145,30.4446502
"12","Interurban Transit Partnership","Interurban Transit Partnership, Grand Rapids, MI","15-Dec-14",-85.6680863,42.9633599
"13","Johnson County Kansas, aka: Johnson County Transit","Johnson County Kansas, aka: Johnson County Transit, Olathe, KS","1-Jan-13",-94.8448333,38.8639984
"14","King County Department of Transportation - Metro Transit Division","King County Department of Transportation - Metro Transit Division, Seattle, WA","15-Sep-06",-122.323637,47.54487
"15","Laketran","Laketran, Grand River, OH","1-Jan-16",-81.2812144,41.7361547
"16","Lane Transit District","Lane Transit District, Eugene, OR","15-Sep-06",-123.0929899,44.0478658
"17","Madison County Transit District","Madison County Transit District, Granite City, IL","13-Jan-19",-90.1487199,38.7014389
"18","Manatee County Area Transit","Manatee County Area Transit, Bradenton, FL","1-Jan-12",-82.53531,27.40545
"19","MTA New York City Transit","MTA New York City Transit, New York, NY","3-Jan-10",-74.013116,40.7045247
"20","Pace - Suburban Bus Division","Pace - Suburban Bus Division, Arlington Heights, IL","2-Jan-11",-87.9876928,42.0479248
"21","Pierce County Transportation Benefit Area Authority","Pierce County Transportation Benefit Area Authority, Tacoma, WA","15-Feb-15",-122.4007917,47.1578537
"22","Regional Public Transportation Authority, dba: Valley Metro","Regional Public Transportation Authority, dba: Valley Metro, Phoenix, AZ","26-Oct-13",-112.0740373,33.4483771
"23","Rock Island County Metropolitan Mass Transit District","Rock Island County Metropolitan Mass Transit District, Rock Island, IL","25-Jul-16",-90.5787476,41.5094771
"24","Sacramento Regional Transit District","Sacramento Regional Transit District, Sacramento, CA","31-Aug-08",-121.4943996,38.5815719
"25","San Joaquin Regional Transit District","San Joaquin Regional Transit District, Stockton, CA","23-Jan-11",-121.285518,37.9547127
"26","Tri-County Metropolitan Transportation District of Oregon","Tri-County Metropolitan Transportation District of Oregon, Portland, OR","7-Dec-05",-122.6783853,45.515232
"27","Kalamazoo Metro Transit System","Kalamazoo Metro Transit System, Kalamazoo, MI","3-Sep-07",-85.5872286,42.2917069
"28","Rhode Island Public Transit Authority","Rhode Island Public Transit Authority, Providence, RI","3-Apr-12",-71.4238412,41.79228
"29","Des Moines Metropolitan Transit Authority","Des Moines Metropolitan Transit Authority, Des Moines, IA","22-Feb-15",-93.616665,41.599686
"30","Long Beach Transit","Long Beach Transit, Long Beach, CA","7-Feb-16",-118.1683239,33.7828342
"31","Fresno Area Express","Fresno Area Express, Fresno, CA","1-Jul-13",-119.7902396,36.7828891
"32","Port Authority of Allegheny County","Port Authority of Allegheny County, Pittsburgh, PA","15-Sep-06",-79.9942394,40.4420059
"33","Hillsborough Area Regional Transit Authority","Hillsborough Area Regional Transit Authority, Tampa, FL","15-Sep-06",-82.446239,27.9598031
"34","City of Jackson Transit System","City of Jackson Transit System, Jackson, MS","1-Jan-15",-90.201243,32.292963
"35","City of Jackson Transportation Authority","City of Jackson Transportation Authority, Jackson, MI","30-Jun-22",-84.3686294,42.2321472
"36","Eau Claire Transit","Eau Claire Transit, Eau Claire, WI","1-Jan-13",-91.5065765,44.82238
"37","Beaver County Transit Authority","Beaver County Transit Authority, Rochester, PA","24-Mar-16",-80.2846139,40.7009881
"38","San Diego Trolley, Inc.","San Diego Trolley, Inc., San Diego, CA","1-Sep-13",-117.1515426,32.7030334
"39","Suburban Mobility Authority for Regional Transportation","Suburban Mobility Authority for Regional Transportation, Detroit, MI","5-Sep-16",-83.0457538,42.331427
"40","DeCamp Bus Lines","DeCamp Bus Lines, Montclair, NJ","30-Jun-22",-74.2098648,40.815348
"41","Santa Cruz Metropolitan Transit District","Santa Cruz Metropolitan Transit District, Santa Cruz, CA","1-Sep-11",-122.0310368,36.9899044
"42","Central Ohio Transit Authority","Central Ohio Transit Authority, Columbus, OH","6-Sep-10",-83.0411453,39.9645195
"43","Olympia Trails Bus Company, Inc.","Olympia Trails Bus Company, Inc., Elizabeth, NJ","30-Jun-22",-74.2107006,40.6639916
"44","Santa Monica's Big Blue Bus","Santa Monica's Big Blue Bus, Santa Monica, CA","16-Sep-12",-118.4911912,34.0194543
"45","NC State University Transportation Department","NC State University Transportation Department, Raleigh, NC","1-Nov-10",-78.6831476,35.7874126
"46","Westchester County Bee-Line System","Westchester County Bee-Line System, Mount Vernon, NY","22-Dec-09",-73.8337576,40.9115232
"47","St. Joseph Transit","St. Joseph Transit, St. Joseph, MO","30-Jun-22",-94.854547,39.761772
"48","Waccamaw Regional Transportation Authority","Waccamaw Regional Transportation Authority, Conway, SC","30-Jun-22",-79.0478143,33.8360034
"49","Northern New England Passenger Rail Authority","Northern New England Passenger Rail Authority, Portland, ME","30-Jun-22",-70.2695701,43.6518161
"50","Missouri State University","Missouri State University, Springfield, MO","30-Jun-22",-93.2806806,37.2005546
"51","Lee-Russell Council of Governments","Lee-Russell Council of Governments, Opelika, AL","30-Jun-22",-85.403656,32.6255455
"52","Connecticut Transit - Stamford Division","Connecticut Transit - Stamford Division, Hartford, CT","20-Jul-14",-72.6733723,41.7658043
"53","Fort Smith Transit","Fort Smith Transit, Fort Smith, AR","30-Jun-22",-94.4209646,35.3843722
"54","Chatham Area Transit Authority","Chatham Area Transit Authority, Savannah, GA","7-Nov-16",-81.1001088,32.0792723
"55","Chemung County Transit System","Chemung County Transit System, Elmira, NY","29-Oct-18",-76.8121638,42.106463
"56","City of Dubuque","City of Dubuque, Dubuque, IA","14-Aug-17",-90.6703512,42.5027204
"57","Putnam County Transit","Putnam County Transit, Carmel, NY","1-Jun-20",-73.6589736,41.4096565
"58","Fargo Metropolitan Area Transit","Fargo Metropolitan Area Transit, Fargo, ND","20-Apr-16",-96.7851388,46.8809812
"59","Spokane Transit Authority","Spokane Transit Authority, Spokane, WA","19-Sep-10",-117.4305524,47.6671559
"60","Butler County Regional Transit Authority","Butler County Regional Transit Authority, Hamilton, OH","19-May-19",-84.5613355,39.3995008
"61","Shenango Valley Shuttle Service","Shenango Valley Shuttle Service, Hermitage, PA","30-Jun-22",-80.4633892,41.2394904
"62","Livermore / Amador Valley Transit Authority","Livermore / Amador Valley Transit Authority, Livermore, CA","23-Jan-16",-121.7684732,37.6818688
"63","Terre Haute Transit Utility","Terre Haute Transit Utility, Terre Haute, IN","1-Jan-15",-87.4139092,39.4667034
"64","The Tri-State Transit Authority","The Tri-State Transit Authority, Huntington, WV","30-Jun-22",-82.477147,38.415431
"65","Riverside Transit Agency","Riverside Transit Agency, Riverside, CA","30-Jun-11",-117.3509544,33.9833885
"66","Greater Peoria Mass Transit District","Greater Peoria Mass Transit District, Peoria, IL","1-Sep-16",-89.5943864,40.6892997
"67","Greater Roanoke Transit Company","Greater Roanoke Transit Company, Roanoke, VA","1-Jan-13",-79.926689,37.2750257
"68","City of Tucson","City of Tucson, Tucson, AZ","3-Nov-15",-111.0160881,32.2358463
"69","City of Middletown - Middletown Transit System","City of Middletown - Middletown Transit System, Middletown, OH","30-Jun-22",-84.4035192,39.5153775
"70","Hudson Transit Lines, Inc.","Hudson Transit Lines, Inc., Mahwah, NJ","12-Oct-09",-74.1615008,41.1035174
"71","Great Falls Transit District","Great Falls Transit District, Great Falls, MT","30-Jun-22",-111.2390904,47.5189107
"72","Green Bay Metro","Green Bay Metro, Green Bay, WI","1-Jan-07",-88.0018488,44.5170061
"73","New Jersey Transit Corporation","New Jersey Transit Corporation, Newark, NJ","25-Jul-08",-74.1723667,40.735657
"74","Rapid Transit System","Rapid Transit System, Rapid City, SD","30-Jun-22",-103.2310149,44.0805434
"75","Council on Aging of Martin County, Inc.","Council on Aging of Martin County, Inc., Stuart, FL","30-Jun-11",-80.2004533,27.1449621
"76","Broome County Department of Public Transportation","Broome County Department of Public Transportation, Vestal, NY","1-Oct-20",-75.9694767,42.1000292
"77","Davenport Public Transit","Davenport Public Transit, Davenport, IA","1-Jan-18",-90.5602583,41.5778426
"78","Montgomery Area Transit System","Montgomery Area Transit System, Montgomery, AL","1-Apr-15",-86.3077368,32.3792233
"79","Village of Spring Valley Bus","Village of Spring Valley Bus, Spring Valley, NY","30-Jun-22",-74.0437521,41.1131514
"80","Sioux Falls Transit","Sioux Falls Transit, Sioux Falls, SD","18-Jun-14",-96.731265,43.5460223
"81","Newburgh Beacon Bus Corporation","Newburgh Beacon Bus Corporation, New Windsor, NY","1-Jan-15",-74.047959,41.472791
"82","City of Loveland Transit","City of Loveland Transit, Loveland, CO","12-Oct-20",-105.0767516,40.3968703
"83","Rogue Valley Transportation District","Rogue Valley Transportation District, Medford, OR","1-Sep-13",-122.8717556,42.32451
"84","Port Arthur Transit","Port Arthur Transit, Port Arthur, TX","30-Jun-22",-93.9353309,29.8695824
"85","Transportation District Commission of Hampton Roads, dba: Hampton Roads Transit","Transportation District Commission of Hampton Roads, dba: Hampton Roads Transit, Hampton, VA","28-Dec-08",-76.3646547,37.0138799
"86","City of Tempe Transportation Planning and Transit Division","City of Tempe Transportation Planning and Transit Division, Tempe, AZ","30-Jun-22",-111.9400054,33.4255104
"87","Northern Indiana Commuter Transportation District","Northern Indiana Commuter Transportation District, Chesterton, IN","1-Jan-12",-87.0641992,41.6105937
"88","Williamsport Bureau of Transportation","Williamsport Bureau of Transportation, Williamsport, PA","17-Feb-22",-77.0382857,41.2372418
"89","Monterey-Salinas Transit","Monterey-Salinas Transit, Monterey, CA","27-Feb-16",-121.8946761,36.6002378
"90","City of Beloit Transit System","City of Beloit Transit System, Beloit, WI","1-Mar-12",-88.993731,42.512546
"91","Washington Metropolitan Area Transit Authority","Washington Metropolitan Area Transit Authority, Washington, DC","23-Mar-09",-77.0211991,38.8851585
"92","SunLine Transit Agency","SunLine Transit Agency, Thousand Palms, CA","1-May-11",-116.3952636,33.8125457
"93","Trans-Hudson Express","Trans-Hudson Express, Jersey City, NJ","26-Apr-15",-74.038493,40.726585
"94","Santa Clara Valley Transportation Authority","Santa Clara Valley Transportation Authority, San Jose, CA","11-Jul-11",-121.8852525,37.33874
"95","Portage Area Regional Transportation Authority","Portage Area Regional Transportation Authority, Kent, OH","21-Jul-19",-81.3193978,41.1362313
"96","Monsey New Square Trails Corporation","Monsey New Square Trails Corporation, Spring Valley, NY","30-Jun-22",-74.0344662,41.1401992
"97","Golden Gate Bridge, Highway and Transportation District","Golden Gate Bridge, Highway and Transportation District, San Francisco, CA","10-Sep-12",-122.4194155,37.7749295
"98","LaCrosse Municipal Transit Utility","LaCrosse Municipal Transit Utility, LaCrosse, WI","1-Jan-12",-91.2555236,43.7923393
"99","Transport of Rockland","Transport of Rockland, Pomona, NY","1-Jan-21",-74.0564499,41.1912507
"100","City of Jefferson","City of Jefferson, Jefferson City, MO","1-May-15",-92.1735164,38.5767017
"101","South Florida Regional Transportation Authority","South Florida Regional Transportation Authority, Pompano Beach, FL","20-Apr-12",-80.134174,26.2717791
"102","GTJC","GTJC, Lynbrook, NY","31-Dec-06",-73.6717969,40.6548253
"103","City of Logan, dba: The Logan Transit District","City of Logan, dba: The Logan Transit District, Logan, UT","2-Jan-15",-111.8338359,41.7369803
"104","Hendrick Hudson Bus Lines, Inc.","Hendrick Hudson Bus Lines, Inc., Newburgh, NY","30-Jun-22",-74.0104178,41.5034271
"105","Simi Valley Transit","Simi Valley Transit, Simi Valley, CA","1-Oct-17",-118.8113015,34.285685
"106","Pioneer Valley Transit Authority","Pioneer Valley Transit Authority, Springfield, MA","11-Mar-22",-72.589811,42.1014831
"107","Abilene Transit System","Abilene Transit System, Abilene, TX","30-Jun-22",-99.7331439,32.4487364
"108","Fayetteville Area System of Transit","Fayetteville Area System of Transit, Fayetteville, NC","30-Jun-22",-78.8676044,35.0551195
"109","Yakima Transit","Yakima Transit, Yakima, WA","1-Aug-13",-120.5400415,46.614319
"110","Washington County Transit","Washington County Transit, West Bend, WI","30-Jun-22",-88.1834277,43.4252776
"111","City of Fairfax CUE Bus","City of Fairfax CUE Bus, Fairfax, VA","20-Mar-15",-77.3082469,38.8407875
"112","City of Los Angeles Department of Transportation","City of Los Angeles Department of Transportation, Los Angeles, CA","1-May-11",-118.2436849,34.0522342
"113","Licking County Transit Board","Licking County Transit Board, Newark, OH","30-Jun-22",-82.371631,40.0593226
"114","Fairfax Connector Bus System","Fairfax Connector Bus System, Fairfax, VA","30-Jun-12",-77.3644743,38.8657204
"115","Southern California Regional Rail Authority","Southern California Regional Rail Authority, Los Angeles, CA","8-Mar-08",-118.2436849,34.0522342
"116","Springfield Mass Transit District","Springfield Mass Transit District, Springfield, IL","20-Aug-15",-89.6501481,39.7817213
"117","Petersburg Area Transit","Petersburg Area Transit, Petersburg, VA","1-May-21",-77.4049058,37.2270232
"118","South Coast Area Transit","South Coast Area Transit, Oxnard, CA","24-Aug-15",-119.1783312,34.1713978
"119","Ann Arbor Transportation Authority","Ann Arbor Transportation Authority, Ann Arbor, MI","24-Aug-08",-83.7321472,42.2468948
"120","Culver City Municipal Bus Lines","Culver City Municipal Bus Lines, Culver City, CA","17-Aug-16",-118.3964665,34.0211224
"121","Western Reserve Transit Authority","Western Reserve Transit Authority, Youngstown, OH","9-Sep-20",-80.654688,41.1026229
"122","Bis-Man Transit Board","Bis-Man Transit Board, Bismarck, ND","30-Jun-22",-100.733399,46.8104018
"123","Polk County Transit Services Division - Polk County Board of County Commissioners","Polk County Transit Services Division - Polk County Board of County Commissioners, Bartow, FL","30-Jun-22",-81.8457248,27.8981871
"124","Ulster County Area Transit","Ulster County Area Transit, Kingston, NY","1-Jan-15",-74.0171474,41.9182947
"125","San Diego Metropolitan Transit System","San Diego Metropolitan Transit System, San Diego, CA","13-May-16",-117.1610838,32.715738
"126","Red Rose Transit Authority","Red Rose Transit Authority, Lancaster, PA","10-Aug-21",-76.3189584,40.0642123
"127","Peninsula Corridor Joint Powers Board","Peninsula Corridor Joint Powers Board, San Carlos, CA","2-Apr-07",-122.2605222,37.5071591
"128","Greater Attleboro-Taunton Regional Transit Authority","Greater Attleboro-Taunton Regional Transit Authority, Attleboro, MA","1-May-11",-71.2856082,41.9445441
"129","The Lawton Area Transit System","The Lawton Area Transit System, Lawton, OK","30-Jun-22",-98.3981064,34.5803625
"130","Gainesville Regional Transit System","Gainesville Regional Transit System, Gainesville, FL","18-Aug-14",-82.3248262,29.6516344
"131","Central Puget Sound Regional Transit Authority","Central Puget Sound Regional Transit Authority, Seattle, WA","19-Sep-09",-122.3320708,47.6062095
"132","Island Transit","Island Transit, Galveston, TX","30-Jun-22",-94.803829,29.3026355
"133","Fayette Area Coordinated Transportation","Fayette Area Coordinated Transportation, Lemont Furnace, PA","30-Jun-22",-79.6522167,39.9607873
"134","City of Lodi - Transit Division","City of Lodi - Transit Division, Lodi, CA","20-Apr-13",-121.2718086,38.1331996
"135","Central Oklahoma Transportation and Parking Authority","Central Oklahoma Transportation and Parking Authority, Oklahoma City, OK","25-Jan-15",-97.5195545,35.472529
"136","Monongalia County Urban Transit","Monongalia County Urban Transit, Morgantown, WV","1-Jan-14",-79.9558968,39.629526
"137","Altamont Commuter Express","Altamont Commuter Express, Stockton, CA","11-Mar-13",-121.278903,37.957045
"138","Northeast Illinois Regional Commuter Railroad Corporation","Northeast Illinois Regional Commuter Railroad Corporation, Chicago, IL","4-Jun-08",-87.718705,41.9804343
"139","Ohio Valley Regional Transportation Authority","Ohio Valley Regional Transportation Authority, Wheeling, WV","30-Jun-22",-80.7358198,40.071581
"140","Napa County Transportation Planning Agency","Napa County Transportation Planning Agency, Napa, CA","13-Jul-12",-122.3169657,38.3299159
"141","Decatur Public Transit System","Decatur Public Transit System, Decatur, IL","30-Jun-22",-88.9513857,39.8392077
"142","Altoona Metro Transit","Altoona Metro Transit, Altoona, PA","30-Jun-22",-78.3947359,40.5186809
"143","Yolo County Transportation District","Yolo County Transportation District, Woodland, CA","3-Mar-13",-121.7532756,38.679042
"144","Metropolitan Evansville Transit System","Metropolitan Evansville Transit System, Evansville, IN","30-Jun-22",-87.5693825,37.9738165
"145","Private Transportation Corporation","Private Transportation Corporation, Brooklyn, NY","30-Jun-22",-73.8033275,40.6961105
"146","Norwalk Transit System","Norwalk Transit System, Norwalk, CA","1-Jan-16",-118.0620323,33.9160066
"147","Belle Urban System - Racine","Belle Urban System - Racine, Racine, WI","7-Dec-16",-87.8302321,42.7071354
"148","Luzerne County Transportation Authority","Luzerne County Transportation Authority, Kingston, PA","30-Jun-22",-75.8938994,41.2532409
"149","Regional Transportation Commission of Southern Nevada","Regional Transportation Commission of Southern Nevada, Las Vegas, NV","18-Oct-09",-115.1544351,36.1641648
"150","Ride-On Montgomery County Transit","Ride-On Montgomery County Transit, Rockville, MD","5-Sep-10",-77.1527578,39.0839973
"151","Roseville Transit","Roseville Transit, Roseville, CA","3-Jan-10",-121.2845196,38.7490011
"152","City of Poughkeepsie","City of Poughkeepsie, Poughkeepsie, NY","31-Dec-17",-73.9209701,41.7003713
"153","Metropolitan Transit Authority of Black Hawk County","Metropolitan Transit Authority of Black Hawk County, Waterloo, IA","25-Aug-18",-92.3425775,42.492786
"154","Chapel Hill Transit","Chapel Hill Transit, Chapel Hill, NC","1-Nov-10",-79.0722579,35.9759941
"155","Worcester Regional Transit Authority","Worcester Regional Transit Authority, Worcester, MA","4-Jul-13",-71.8070225,42.2825152
"156","Las Cruces Area Transit","Las Cruces Area Transit, Las Cruces, NM","1-Jan-20",-106.7636538,32.3199396
"157","Winston-Salem Transit Authority - Trans-Aid of Forsyth County","Winston-Salem Transit Authority - Trans-Aid of Forsyth County, Winston-Salem, NC","30-Jun-22",-80.2455402,36.0997549
"158","Community Urban Bus Service","Community Urban Bus Service, Longview, WA","30-Jun-22",-122.9381672,46.1381676
"159","Texoma Council of Governments Transportation Department","Texoma Council of Governments Transportation Department, Sherman, TX","30-Apr-06",-96.602504,33.673175
"160","Lexington Transit Authority","Lexington Transit Authority, Lexington, KY","8-Jan-13",-84.4870173,38.0613963
"161","Intercity Transit","Intercity Transit, Olympia, WA","19-Sep-11",-122.9002849,47.04635
"162","City of Danville/Danville Mass Transit","City of Danville/Danville Mass Transit, Danville, IL","28-Sep-21",-87.6269555,40.1267132
"163","Potomac and Rappahannock Transportation Commission","Potomac and Rappahannock Transportation Commission, Woodbridge, VA","7-Dec-15",-77.2959925,38.6302516
"164","City of San Luis Obispo","City of San Luis Obispo, San Luis Obispo, CA","1-Jun-10",-120.6628635,35.2820866
"165","Twin Cities Area Transportation Authority","Twin Cities Area Transportation Authority, Benton Harbor, MI","30-Jun-22",-86.4541894,42.1167065
"166","Annapolis Department of Transportation","Annapolis Department of Transportation, Annapolis, MD","29-Aug-10",-76.5251502,38.9771955
"167","City of Union City Transit Division","City of Union City Transit Division, Union City, CA","7-Nov-16",-122.0072849,37.5903073
"168","Sheboygan Transit System","Sheboygan Transit System, Sheboygan, WI","1-Jan-14",-87.71453,43.7508284
"169","Erie Metropolitan Transit Authority","Erie Metropolitan Transit Authority, Erie, PA","1-Sep-17",-80.076407,42.1229903
"170","City of Gardena Transportation Department","City of Gardena Transportation Department, Gardena, CA","12-Aug-18",-118.3089624,33.8883487
"171","City of Moorhead Transit","City of Moorhead Transit, Moorhead, MN","20-Apr-16",-96.7678039,46.8737648
"172","G G and C Bus Company, Inc.","G G and C Bus Company, Inc., Washington, PA","30-Jun-07",-80.311248,40.203643
"173","Chico Area Transit System City of Chico","Chico Area Transit System City of Chico, Chico, CA","30-Jun-05",-121.8219781,39.7049621
"174","Fredericksburg Regional Transit","Fredericksburg Regional Transit, Fredericksburg, VA","30-Jun-22",-77.5072649,38.2220939
"175","Port Authority Trans-Hudson Corporation","Port Authority Trans-Hudson Corporation, Jersey City, NJ","25-Jul-08",-74.063366,40.7321097
"176","Billings Metropolitan Transit","Billings Metropolitan Transit, Billings, MT","30-Jun-22",-108.5586146,45.7632002
"177","Durham Area Transit Authority","Durham Area Transit Authority, Durham, NC","1-Jan-08",-78.898619,35.9940329
"178","Cooperative Alliance for Seacoast Transportation","Cooperative Alliance for Seacoast Transportation, Dover, NH","27-Mar-18",-70.8736698,43.1978624
"179","Cleveland Area Rapid Transit","Cleveland Area Rapid Transit, Norman, OK","10-Oct-16",-97.4346708,35.1886694
"180","County of Volusia, dba: VOTRAN","County of Volusia, dba: VOTRAN, South Daytona, FL","9-Jan-17",-81.020167,29.1682125
"181","Link Transit","Link Transit, Wenatchee, WA","1-Jan-13",-120.3269805,47.4665565
"182","StarTran","StarTran, Lincoln, NE","19-Sep-12",-96.7108535,40.8084483
"183","Central Florida Regional Transportation Authority","Central Florida Regional Transportation Authority, Orlando, FL","1-Dec-14",-81.3789269,28.5383832
"184","Fairbanks North Star Borough Transit","Fairbanks North Star Borough Transit, Fairbanks, AK","15-Dec-15",-147.7294219,64.8359866
"185","ABQ Ride","ABQ Ride, Albuquerque, NM","19-May-12",-106.650422,35.0843859
"186","Carroll County Planning Department","Carroll County Planning Department, Westminster, MD","27-Jul-15",-76.9958149,39.5753791
"187","National City Transit","National City Transit, National City, CA","30-Jun-06",-117.0991967,32.6781085
"188","Mass Transit Department - City of El Paso","Mass Transit Department - City of El Paso, El Paso, TX","20-Sep-15",-106.452501,31.790741
"189","Transit Services of Frederick County","Transit Services of Frederick County, Frederick, MD","29-Aug-10",-77.4386812,39.4348344
"190","Chula Vista Transit","Chula Vista Transit, Chula Vista, CA","30-Jun-15",-117.0202835,32.5966855
"191","Brunswick Transit Alternative","Brunswick Transit Alternative, Brunswick, OH","1-Jan-17",-81.8322015,41.2398029
"192","Westmoreland County Transit Authority","Westmoreland County Transit Authority, Greensburg, PA","30-Jun-22",-79.5463821,40.3029024
"193","Redding Area Bus Authority","Redding Area Bus Authority, Redding, CA","1-Oct-09",-122.3814601,40.5731458
"194","Gary Public Transportation Corporation","Gary Public Transportation Corporation, Gary, IN","19-Sep-20",-87.3389379,41.6043434
"195","Williamsburg Area Transport","Williamsburg Area Transport, Williamsburg, VA","10-May-15",-76.6718139,37.2565193
"196","LACMTA - Small Operators","LACMTA - Small Operators, Los Angeles, CA","14-Dec-08",-118.2329631,34.056413
"197","Capital Area Transit","Capital Area Transit, Raleigh, NC","1-Jan-08",-78.636878,35.777637
"198","Rockland Coaches, Inc.","Rockland Coaches, Inc., Westwood, NJ","30-Jun-22",-74.0175,40.9849
"199","Regional Transportation Commission of Washoe County","Regional Transportation Commission of Washoe County, Reno, NV","29-Sep-13",-119.7782212,39.5151671
"200","Gwinnett County Board of Commissioners","Gwinnett County Board of Commissioners, Lawrenceville, GA","12-Jun-14",-83.9879625,33.9562149
"201","CNY Centro, Inc.","CNY Centro, Inc., Syracuse, NY","1-Jun-15",-76.1474244,43.0481221
"202","Wichita Transit","Wichita Transit, Wichita, KS","11-Dec-15",-97.3338699,37.6845221
"203","Johnson City Transit System","Johnson City Transit System, Johnson City, TN","30-Jun-22",-82.3550742,36.3166341
"204","Southeast Area Transit","Southeast Area Transit, Preston, CT","1-Jan-19",-72.0653026,41.4889673
"205","Iowa City Transit","Iowa City Transit, Iowa City, IA","1-Aug-18",-91.537906,41.6458143
"206","Jackson Transit Authority","Jackson Transit Authority, Jackson, TN","30-Jun-22",-88.8204577,35.6080162
"207","The Greater New Haven Transit District","The Greater New Haven Transit District, Hamden, CT","30-Jun-22",-72.9143569,41.4006993
"208","Brazos Transit District","Brazos Transit District, Bryan, TX","30-Jun-22",-96.3664369,30.7025629
"209","Transit Authority of Northern Kentucky","Transit Authority of Northern Kentucky, Fort Wright, KY","29-Aug-08",-84.5291315,39.0373954
"210","Whatcom Transportation Authority","Whatcom Transportation Authority, Bellingham, WA","7-Feb-16",-122.4489486,48.7866966
"211","Capital Area Transit System","Capital Area Transit System, Baton Rouge, LA","30-Jun-22",-91.1646643,30.4494925
"212","Knoxville Area Transit","Knoxville Area Transit, Knoxville, TN","11-Jan-16",-83.913737,35.965206
"213","City of Seattle - Seattle Center Monorail Transit","City of Seattle - Seattle Center Monorail Transit, Seattle, WA","1-Apr-21",-122.3497545,47.6212828
"214","Metropolitan Transit Authority of Harris County, Texas","Metropolitan Transit Authority of Harris County, Texas, Houston, TX","15-Feb-09",-95.3698028,29.7604267
"215","Harford Transit","Harford Transit, Abingdon, MD","1-Oct-15",-76.2772034,39.4621717
"216","Ventura Intercity Service Transit Authority","Ventura Intercity Service Transit Authority, Ventura, CA","1-Sep-16",-119.2945199,34.2804923
"217","Wausau Area Transit System","Wausau Area Transit System, Wausau, WI","30-Jun-22",-89.6084296,44.9824616
"218","Wilmington Transit Authority","Wilmington Transit Authority, Wilmington, NC","10-Mar-17",-77.9333491,34.2347662
"219","Research Triangle Regional Public Transportation Authority","Research Triangle Regional Public Transportation Authority, Research Triangle Park, NC","1-Jan-08",-78.8796171,35.9138598
"220","Lee County Transit","Lee County Transit, Fort Myers, FL","21-Apr-11",-81.8583042,26.6174627
"221","Atlantic Express","Atlantic Express, Staten Island, NY","30-Jun-06",-74.165151,40.581758
"222","City of Vallejo Transportation Program","City of Vallejo Transportation Program, Vallejo, CA","6-Apr-14",-122.2566367,38.1040864
"223","Stark Area Regional Transit Authority","Stark Area Regional Transit Authority, Canton, OH","1-Apr-21",-81.3664779,40.7812303
"224","MTA Long Island Rail Road","MTA Long Island Rail Road, Jamaica, NY","2-Sep-08",-73.8085299,40.6996082
"225","Denver Regional Transportation District","Denver Regional Transportation District, Denver, CO","17-Aug-08",-104.990251,39.7392358
"226","Greensboro Transit Authority","Greensboro Transit Authority, Greensboro, NC","1-Mar-21",-79.7871321,36.0697495
"227","Casco Bay Island Transit District","Casco Bay Island Transit District, Portland, ME","10-Oct-17",-70.2568189,43.6590993
"228","Missoula Urban Transportation District","Missoula Urban Transportation District, Missoula, MT","8-Sep-08",-113.9940314,46.8721284
"229","Council on Aging of St. Lucie, Inc.","Council on Aging of St. Lucie, Inc., Fort Pierce, FL","30-Jun-22",-80.3400763,27.4470173
"230","Western Maine Transportation Services, Inc.","Western Maine Transportation Services, Inc., Mexico, ME","30-Jun-22",-70.2738651,44.0673899
"231","City Utilities of Springfield Transit Services","City Utilities of Springfield Transit Services, Springfield, MO","30-Jun-22",-93.2905349,37.2182083
"232","Board of County Commissioners, Palm Beach County, PalmTran, Inc.","Board of County Commissioners, Palm Beach County, PalmTran, Inc., West Palm Beach, FL","12-Apr-16",-80.0668808,26.7422881
"233","Housatonic Area Regional Transit","Housatonic Area Regional Transit, Danbury, CT","30-Jun-22",-73.4289587,41.4102532
"234","Ozark Regional Transit","Ozark Regional Transit, Springdale, AR","30-Jun-22",-94.1041613,36.1661699
"235","Metropolitan Atlanta Rapid Transit Authority","Metropolitan Atlanta Rapid Transit Authority, Atlanta, GA","25-Aug-12",-84.3944611,33.7502147
"236","Massachusetts Bay Transportation Authority","Massachusetts Bay Transportation Authority, Boston, MA","7-Apr-08",-71.0588801,42.3600825
"237","City of Alexandria","City of Alexandria, Alexandria, LA","30-Jun-22",-92.4451371,31.3112936
"238","Metropolitan Transit Authority","Metropolitan Transit Authority, Nashville, TN","29-Sep-13",-86.756053,36.157604
"239","City of Porterville","City of Porterville, Porterville, CA","31-Dec-12",-119.0167679,36.06523
"240","Blue Water Area Transportation Commission","Blue Water Area Transportation Commission, Port Huron, MI","30-Jun-22",-82.446846,42.9788131
"241","Pinellas Suncoast Transit Authority","Pinellas Suncoast Transit Authority, St. Petersburg, FL","2-Oct-11",-82.6402915,27.7676008
"242","San Mateo County Transit District","San Mateo County Transit District, San Carlos, CA","7-Apr-07",-122.2618458,37.5063012
"243","Sarasota County Area Transit","Sarasota County Area Transit, Sarasota, FL","14-Feb-09",-82.5310117,27.336465
"244","Southeastern Pennsylvania Transportation Authority","Southeastern Pennsylvania Transportation Authority, Philadelphia, PA","23-Mar-08",-75.1733047,40.0040562
"245","City of Corona","City of Corona, Corona, CA","1-Jan-10",-117.5758611,33.8783624
"246","Battle Creek Transit","Battle Creek Transit, Battle Creek, MI","30-Jun-22",-85.1938977,42.3249638
"247","Community Transit, Inc.","Community Transit, Inc., Passaic, NJ","30-Jun-22",-74.1284764,40.8567662
"248","Golden Empire Transit District","Golden Empire Transit District, Bakersfield, CA","1-Sep-12",-119.0248676,35.3921042
"249","Central Midlands Regional Transit Authority","Central Midlands Regional Transit Authority, Columbia, SC","30-Jun-22",-81.061358,34.024335
"250","Huntington Area Rapid Transit","Huntington Area Rapid Transit, Huntington Station, NY","1-Nov-20",-73.4109317,40.8527044
"251","Modesto Area Express","Modesto Area Express, Modesto, CA","1-Oct-10",-121.0012969,37.6392822
"252","Hernando County Board of County Commissioners","Hernando County Board of County Commissioners, Brooksville, FL","1-Jan-15",-82.386712,28.555291
"253","Port Authority Transit Corporation","Port Authority Transit Corporation, Lindenwold, NJ","25-Jul-08",-75.0006602,39.8340217
"254","Coralville Transit System","Coralville Transit System, Coralville, IA","7-Oct-17",-91.5771889,41.6853172
"255","Space Coast Area Transit","Space Coast Area Transit, Cocoa, FL","1-Apr-10",-80.745444,28.354727
"256","Milford Transit District","Milford Transit District, Milford, CT","30-Jun-22",-73.0102078,41.2426643
"257","Bi-State Development Agency","Bi-State Development Agency, St. Louis, MO","15-Mar-15",-90.1897036,38.6271473
"258","City of Huntsville, Alabama - Public Transportation Division","City of Huntsville, Alabama - Public Transportation Division, Huntsville, AL","1-Jan-09",-86.5861037,34.7303688
"259","Connecticut Transit - New Haven Division","Connecticut Transit - New Haven Division, Hartford, CT","13-Dec-15",-72.6733723,41.7658043
"260","Santa Fe Trails - City of Santa Fe","Santa Fe Trails - City of Santa Fe, Santa Fe, NM","1-Jan-12",-106.013086,35.634827
"261","Metra Transit System","Metra Transit System, Columbus, GA","1-Sep-21",-84.9812774,32.474884
"262","Salem Area Mass Transit District","Salem Area Mass Transit District, Salem, OR","4-Mar-12",-123.0350963,44.9428975
"263","City Transit Management Company, Inc.","City Transit Management Company, Inc., Lubbock, TX","8-Aug-20",-101.8551665,33.5778631
"264","Tuscaloosa County Parking and Transit Authority","Tuscaloosa County Parking and Transit Authority, Tuscaloosa, AL","30-Jun-22",-87.5662396,33.2090093
"265","City of Alameda Ferry Services","City of Alameda Ferry Services, Alameda, CA","1-Jan-07",-122.2939847,37.7906806
"266","Bay County Council On Aging Bay Coordinated Transportation","Bay County Council On Aging Bay Coordinated Transportation, Panama City, FL","1-Jan-15",-85.6919839,30.1692293
"267","Centre Area Transportation Authority","Centre Area Transportation Authority, State College, PA","16-Sep-15",-77.8600012,40.7933949
"268","University of California, Davis","University of California, Davis, Davis, CA","27-Aug-08",-121.7617125,38.5382322
"269","South Bend Public Transportation Corporation","South Bend Public Transportation Corporation, South Bend, IN","30-Jun-22",-86.2546985,41.6597238
"270","Kanawha Valley Regional Transportation Authority","Kanawha Valley Regional Transportation Authority, Charleston, WV","14-Feb-14",-81.6326234,38.3498195
"271","North San Diego County Transit District","North San Diego County Transit District, Oceanside, CA","18-Oct-09",-117.3794834,33.1958696
"272","The Greater Cleveland Regional Transit Authority","The Greater Cleveland Regional Transit Authority, Cleveland, OH","9-Nov-09",-81.6997627,41.5005691
"273","Centro of Cayuga, Inc.","Centro of Cayuga, Inc., Syracuse, NY","29-Jun-15",-76.1474244,43.0481221
"274","Greater Dayton Regional Transit Authority","Greater Dayton Regional Transit Authority, Dayton, OH","2-Jun-19",-84.1916069,39.7589478
"275","Transfort","Transfort, Fort Collins, CO","12-Jan-15",-105.084423,40.5852602
"276","Spartanburg Transit System","Spartanburg Transit System, Spartanburg, SC","30-Jun-22",-81.9320482,34.9495672
"277","Metro-North Commuter Railroad Company, dba: MTA Metro-North Railroad","Metro-North Commuter Railroad Company, dba: MTA Metro-North Railroad, New York, NY","17-Oct-09",-74.0059728,40.7127753
"278","City of Lawrence - Lawrence Transit System","City of Lawrence - Lawrence Transit System, Lawrence, KS","1-Aug-18",-95.2348753,38.9663042
"279","Charleston Area Regional Transportation Authority","Charleston Area Regional Transportation Authority, Charleston, SC","4-Jun-14",-79.9310512,32.7764749
"280","Bonanza","Bonanza, Providence, RI","2-Jan-09",-71.4065993,41.8535725
"281","Five Seasons Transportation and Parking","Five Seasons Transportation and Parking, Cedar Rapids, IA","30-Jun-22",-91.6656232,41.9778795
"282","The Wave Transit System","The Wave Transit System, Mobile, AL","30-Jun-22",-88.0459936,30.7008464
"283","Lowell Regional Transit Authority","Lowell Regional Transit Authority, Lowell, MA","1-Jul-09",-71.314629,42.6364817
"284","Central Arkansas Transit Authority","Central Arkansas Transit Authority, North Little Rock, AR","1-Jan-12",-92.2677497,34.756104
"285","Cobb County Department of Transportation Authority","Cobb County Department of Transportation Authority, Marietta, GA","7-Jul-14",-84.582997,33.9071561
"286","City of Fairfield - Fairfield-Suisun Transit","City of Fairfield - Fairfield-Suisun Transit, Fairfield, CA","1-Jan-09",-122.0405151,38.2491956
"287","Macon-Bibb County Transit Authority","Macon-Bibb County Transit Authority, Macon, GA","30-Jun-22",-83.640579,32.8109216
"288","Loudoun County Commuter Bus Service - Office of Transportation Services","Loudoun County Commuter Bus Service - Office of Transportation Services, Leesburg, VA","1-Sep-20",-77.5645323,39.1154523
"289","Santa Clarita Transit","Santa Clarita Transit, Santa Clarita, CA","30-Jun-22",-118.542586,34.3916641
"290","Hammond Transit System","Hammond Transit System, Hammond, IN","30-Jun-22",-87.5000412,41.5833688
"291","Berks Area Reading Transportation Authority","Berks Area Reading Transportation Authority, Reading, PA","22-Apr-21",-75.9268747,40.3356483
"292","Yuba-Sutter Transit Authority","Yuba-Sutter Transit Authority, Marysville, CA","1-Jan-12",-121.5891342,39.1571578
"293","Mass Transportation Authority","Mass Transportation Authority, Flint, MI","23-Nov-17",-83.6532671,43.0142307
"294","Lakeland Bus Lines, Inc.","Lakeland Bus Lines, Inc., Dover, NJ","30-Jun-22",-74.5371762,40.88321
"295","Central Contra Costa Transit Authority","Central Contra Costa Transit Authority, Concord, CA","26-Dec-10",-122.0288217,38.0106906
"296","Capital Area Transportation Authority","Capital Area Transportation Authority, Lansing, MI","8-Mar-15",-84.5342254,42.6879043
"297","Orange-Newark-Elizabeth, Inc.","Orange-Newark-Elizabeth, Inc., Elizabeth, NJ","30-Jun-22",-74.1781569,40.6628066
"298","Torrance Transit System","Torrance Transit System, Torrance, CA","3-Oct-11",-118.3430404,33.8450584
"299","City of Appleton - Valley Transit","City of Appleton - Valley Transit, Appleton, WI","1-Jan-12",-88.4153847,44.2619309
"300","Suburban Transit Corporation","Suburban Transit Corporation, New Brunswick, NJ","30-Jun-22",-74.4738901,40.4847864
"301","Casper Area Transportation Coalition, Inc.","Casper Area Transportation Coalition, Inc., Casper, WY","30-Jun-22",-106.3021138,42.8461215
"302","Kenosha Transit","Kenosha Transit, Kenosha, WI","1-Mar-21",-87.8549957,42.5971679
"303","New York City Department of Transportation","New York City Department of Transportation, New York, NY","30-Apr-14",-73.9364776,40.7436485
"304","Ames Transit Agency","Ames Transit Agency, Ames, IA","10-Aug-20",-93.6319131,42.0307812
"305","Pasco County Public Transportation","Pasco County Public Transportation, Port Richey, FL","18-Dec-17",-82.6821978,28.2831197
"306","Norwalk Transit District","Norwalk Transit District, Norwalk, CT","1-Jan-10",-73.4232747,41.0803423
"307","Jefferson Parish Department of Transit Administration","Jefferson Parish Department of Transit Administration, Gretna, LA","11-Nov-20",-90.0539603,29.9146493
"308","Okaloosa County Board of County Commissioners","Okaloosa County Board of County Commissioners, Fort Walton Beach, FL","1-Jul-15",-86.5802827,30.4460388
"309","City of Lompoc - Lompoc Transit","City of Lompoc - Lompoc Transit, Lompoc, CA","1-May-18",-120.452248,34.637844
"310","Oshkosh Transit System","Oshkosh Transit System, Oshkosh, WI","1-Apr-13",-88.5613063,44.0189122
"311","Charlotte Area Transit System","Charlotte Area Transit System, Charlotte, NC","4-May-17",-80.8394223,35.2213613
"312","Everett Transit","Everett Transit, Everett, WA","24-Aug-14",-122.19785,47.975513
"313","University of Michigan Parking and Transportation Services","University of Michigan Parking and Transportation Services, Ann Arbor, MI","24-Jun-12",-83.7352587,42.2822654
"314","Foothill Transit","Foothill Transit, West Covina, CA","11-Jan-15",-117.926393,34.070067
"315","Muncie Indiana Transit System","Muncie Indiana Transit System, Muncie, IN","15-Aug-16",-85.3723188,40.1899173
"316","Greater Richmond Transit Company","Greater Richmond Transit Company, Richmond, VA","31-Jan-21",-77.4360481,37.5407246
"317","Victor Valley Transit Authority","Victor Valley Transit Authority, Hesperia, CA","1-Jan-14",-117.2907028,34.4245872
"318","Rockford Mass Transit District","Rockford Mass Transit District, Rockford, IL","30-Jun-22",-89.0974216,42.273249
"319","Greater Lynchburg Transit Company","Greater Lynchburg Transit Company, Lynchburg, VA","8-Mar-15",-79.1562842,37.3772928
"320","City of Glendale Transit","City of Glendale Transit, Glendale, AZ","30-Jun-22",-112.1895409,33.5794352
"321","Springfield City Area Transit","Springfield City Area Transit, Springfield, OH","30-Jun-22",-83.813609,39.921614
"322","Trans-Bridge Lines, Inc.","Trans-Bridge Lines, Inc., Bethlehem, PA","30-Jun-22",-75.4173507,40.6514184
"323","San Francisco Municipal Railway","San Francisco Municipal Railway, San Francisco, CA","21-Feb-09",-122.4116167,37.7950057
"324","Toledo Area Regional Transit Authority","Toledo Area Regional Transit Authority, Toledo, OH","16-Aug-20",-83.5708333,41.6777778
"325","Queens Surface Corporation","Queens Surface Corporation, Flushing, NY","8-Sep-13",-73.8407856,40.7729283
"326","Mesa County","Mesa County, Grand Junction, CO","1-Jan-16",-108.5506486,39.0638705
"327","City of Ocala, Florida","City of Ocala, Florida, Ocala, FL","1-Jul-15",-82.1400923,29.1871986
"328","Niagara Frontier Transportation Authority","Niagara Frontier Transportation Authority, Buffalo, NY","5-Oct-13",-78.8783689,42.8864468
"329","Utah Transit Authority","Utah Transit Authority, Salt Lake City, UT","12-May-08",-111.9108566,40.764123
"330","Milwaukee County Transit System","Milwaukee County Transit System, Milwaukee, WI","1-Nov-08",-87.9064736,43.0389025
"331","County of Lackawanna Transit System","County of Lackawanna Transit System, Scranton, PA","30-Jun-22",-75.6873652,41.4280071
"332","St. Cloud Metropolitan Transit Commission","St. Cloud Metropolitan Transit Commission, St. Cloud, MN","30-Jun-22",-94.1632404,45.5579451
"333","Broward County Mass Transit Division","Broward County Mass Transit Division, Pompano Beach, FL","18-May-08",-80.1668111,26.2626949
"334","Washington State Ferries","Washington State Ferries, Seattle, WA","10-Dec-15",-122.3385197,47.6026977
"335","City of Brownsville - Brownsville Urban System","City of Brownsville - Brownsville Urban System, Brownsville, TX","30-Jun-22",-97.4974838,25.9017472
"336","Prince George's County Transit","Prince George's County Transit, Largo, MD","1-Jan-16",-76.8317325,38.8779723
"337","Merced County Transit","Merced County Transit, Merced, CA","1-Apr-14",-120.5225296,37.2970161
"338","Janesville Transit System","Janesville Transit System, Janesville, WI","1-Jan-15",-89.0302429,42.7051353
"339","York County Transportation Authority","York County Transportation Authority, York, PA","2-Nov-14",-76.7297271,39.9616294
"340","Coconino County Transportation Services","Coconino County Transportation Services, Flagstaff, AZ","30-Jun-07",-111.658818,35.1770013
"341","Bloomington Public Transportation Corporation","Bloomington Public Transportation Corporation, Bloomington, IN","1-Jan-11",-86.5333266,39.1644156
"342","Maryland Transit Administration","Maryland Transit Administration, Baltimore, MD","24-Aug-08",-76.555497,39.289468
"343","Santa Maria Area Transit","Santa Maria Area Transit, Santa Maria, CA","1-Jan-15",-120.4585376,34.9138353
"344","Saginaw Transit Authority Regional Service","Saginaw Transit Authority Regional Service, Saginaw, MI","30-Jun-22",-83.9508068,43.4194699
"345","Lehigh and Northampton Transportation Authority","Lehigh and Northampton Transportation Authority, Allentown, PA","1-May-08",-75.4714098,40.6022939
"346","Orange County Transportation Authority","Orange County Transportation Authority, Orange, CA","9-Dec-07",-117.8676657,33.7796943
"347","City of Anderson Transportation System","City of Anderson Transportation System, Anderson, IN","30-Jun-22",-85.7196422,40.1115023
"348","Centro of Oswego, Inc.","Centro of Oswego, Inc., Syracuse, NY","30-Jun-22",-76.1523256,43.045851
"349","Santa Barbara Metropolitan Transit District","Santa Barbara Metropolitan Transit District, Santa Barbara, CA","22-Aug-16",-119.6900863,34.4229469
"350","Metro Transit System","Metro Transit System, Madison, WI","6-Mar-11",-89.3683929,43.0847091
"351","Clarkstown Mini-Trans","Clarkstown Mini-Trans, Nanuet, NY","1-Jan-20",-74.0022342,41.0984166
"352","The City of Cheyenne Transit Program","The City of Cheyenne Transit Program, Cheyenne, WY","30-Jun-22",-104.8174163,41.1321007
"353","Metro Transit","Metro Transit, Minneapolis, MN","7-Nov-09",-93.2650108,44.977753
"354","New Jersey Transit Corporation-45","New Jersey Transit Corporation-45, Newark, NJ","25-Jul-08",-74.1723667,40.735657
"355","Indianapolis and Marion County Public Transportation","Indianapolis and Marion County Public Transportation, Indianapolis, IN","8-May-12",-86.158068,39.768403
"356","Merrimack Valley Regional Transit Authority","Merrimack Valley Regional Transit Authority, Haverhill, MA","1-Aug-09",-71.0905927,42.7662765
"357","Capital Metropolitan Transportation Authority","Capital Metropolitan Transportation Authority, Austin, TX","13-Jan-08",-97.7430608,30.267153
"358","High Point Transit","High Point Transit, High Point, NC","3-May-21",-80.0072639,35.9572188
"359","Municipality of Anchorage - Public Transportation Department","Municipality of Anchorage - Public Transportation Department, Anchorage, AK","2-Jun-14",-149.8996785,61.2175758
"360","Ozaukee County Transit Services","Ozaukee County Transit Services, Port Washington, WI","30-Jun-22",-87.8861853,43.3826424
"361","Mid Mon Valley Transit Authority","Mid Mon Valley Transit Authority, Charleroi, PA","30-Jun-22",-79.905954,40.146104
"362","Ben Franklin Transit","Ben Franklin Transit, Richland, WA","19-Sep-17",-119.2751996,46.28042
"363","Fond du Lac Area Transit","Fond du Lac Area Transit, Fond du Lac, WI","30-Jun-22",-88.4514007,43.7938003
"364","City of Danville Mass Transit System","City of Danville Mass Transit System, Danville, VA","23-Jun-21",-79.3397557,36.5749866
"365","Los Angeles County Metropolitan Transportation Authority","Los Angeles County Metropolitan Transportation Authority, Los Angeles, CA","14-Dec-08",-118.2329631,34.056413
"366","Champaign-Urbana Mass Transit District","Champaign-Urbana Mass Transit District, Urbana, IL","16-Aug-10",-88.1984863,40.1156158
"367","Charlottesville Transit Service","Charlottesville Transit Service, Charlottesville, VA","28-Sep-10",-78.4766781,38.0293059
"368","Sonoma County Transit","Sonoma County Transit, Santa Rosa, CA","1-Jan-13",-122.7254786,38.3946194
"369","Chicago Transit Authority","Chicago Transit Authority, Chicago, IL","20-Oct-09",-87.6267385,41.8706893
"370","Cambria County Transit Authority","Cambria County Transit Authority, Johnstown, PA","30-Jun-22",-78.9164398,40.3248392
"371","Montebello Bus Lines","Montebello Bus Lines, Montebello, CA","2-Aug-20",-118.1151816,34.0069536
"372","Duluth Transit Authority","Duluth Transit Authority, Duluth, MN","11-Apr-10",-92.1278991,46.7630424
"373","Tompkins Consolidated Area Transit","Tompkins Consolidated Area Transit, Ithaca, NY","20-Aug-17",-76.5056457,42.4532241
"374","City of Commerce Municipal Buslines","City of Commerce Municipal Buslines, Commerce, CA","13-Oct-16",-118.158071,34.0010126
"375","Bloomington-Normal Public Transit System","Bloomington-Normal Public Transit System, Bloomington, IL","1-Jan-15",-89.036096,40.4946349
"376","Northeast Transportation Company, Inc.","Northeast Transportation Company, Inc., Waterbury, CT","30-Jun-22",-73.0514965,41.5581525
"377","Lorain County Transit","Lorain County Transit, Lorain, OH","30-Jun-22",-82.1051665,41.3654885
"378","Metropolitan Bus Authority","Metropolitan Bus Authority, San Juan, PR","30-Jun-22",-66.0795515,18.3877326
"379","Chittenden County Transportation Authority","Chittenden County Transportation Authority, Burlington, VT","16-Dec-11",-73.212072,44.4758825
"380","Golden Crescent Regional Planning Commssion","Golden Crescent Regional Planning Commssion, Victoria, TX","30-Jun-22",-97.0035982,28.8052674
"381","Lakeland Area Mass Transit District","Lakeland Area Mass Transit District, Lakeland, FL","1-Mar-11",-81.94494,28.0296636
"382","Beaumont Municipal Transit System","Beaumont Municipal Transit System, Beaumont, TX","30-Jun-22",-94.0961769,30.0773579
"383","County Commissioners of Charles County, MD","County Commissioners of Charles County, MD, Port Tobacco, MD","1-Jan-14",-77.018833,38.5113836
"384","Skagit Transit","Skagit Transit, Burlington, WA","1-Sep-13",-122.331743,48.480605
"385","Metropolitan Tulsa Transit Authority","Metropolitan Tulsa Transit Authority, Tulsa, OK","6-Mar-13",-95.972931,36.1544608
"386","Blacksburg Transit","Blacksburg Transit, Blacksburg, VA","5-Dec-08",-80.3956338,37.1967498
"387","MTS Contract Services","MTS Contract Services, San Diego, CA","30-Jun-06",-117.1610838,32.715738
"388","City of Detroit Department of Transportation","City of Detroit Department of Transportation, Detroit, MI","23-Apr-11",-83.0457538,42.331427
"389","City of Alexandria - Alexandria Transit Company","City of Alexandria - Alexandria Transit Company, Alexandria, VA","24-Jul-14",-77.083451,38.806058
"390","Western Contra Costa Transit Authority","Western Contra Costa Transit Authority, Pinole, CA","1-Jan-15",-122.2880726,37.9457358
"391","Detroit Transportation Corporation","Detroit Transportation Corporation, Detroit, MI","10-Aug-17",-83.0469504,42.3294166
"392","Washington County Transportation Department","Washington County Transportation Department, Hagerstown, MD","24-Sep-15",-77.7199932,39.6417629
"393","City of Visalia - Visalia City Coach","City of Visalia - Visalia City Coach, Visalia, CA","7-Mar-20",-119.299241,36.3288905
"394","Fort Wayne Public Transportation Corporation","Fort Wayne Public Transportation Corporation, Fort Wayne, IN","1-Mar-11",-85.1393513,41.079273
"395","Adirondack Transit Lines, Inc,","Adirondack Transit Lines, Inc,, Hurley, NY","31-Dec-20",-74.1122506,41.9565207
"396","Laguna Beach Municipal Transit","Laguna Beach Municipal Transit, Laguna Beach, CA","1-Jan-12",-117.7853568,33.5427189
"397","City of Rochester Public Transportation","City of Rochester Public Transportation, Rochester, MN","1-Jan-13",-92.4571398,44.066614
"398","ValleyRide","ValleyRide, Meridian, ID","21-Aug-17",-116.391307,43.611685
"399","Metropolitan Council","Metropolitan Council, St. Paul, MN","7-Nov-09",-93.0899578,44.9537029
"400","Georgia Regional Transportation Authority","Georgia Regional Transportation Authority, Atlanta, GA","12-Nov-14",-84.3879824,33.7489954
"401","Dutchess County Division of Mass Transportation","Dutchess County Division of Mass Transportation, Poughkeepsie, NY","31-Aug-18",-73.9209701,41.7003713
"402","Topeka Metropolitan Transit Authority","Topeka Metropolitan Transit Authority, Topeka, KS","3-Sep-12",-95.6702003,39.0607531
"403","Greenville Transit Authority","Greenville Transit Authority, Greenville, SC","23-Sep-15",-82.406669,34.8422995
"404","Greater Portland Transit District","Greater Portland Transit District, Portland, ME","27-Aug-17",-70.2779264,43.6475162
"405","Corpus Christi Regional Transportation Authority","Corpus Christi Regional Transportation Authority, Corpus Christi, TX","1-Apr-13",-97.4720306,27.7648181
"406","Miami-Dade Transit","Miami-Dade Transit, Miami, FL","27-Jun-10",-80.3108999,25.8357667
"407","Connecticut Transit - Hartford Division","Connecticut Transit - Hartford Division, Hartford, CT","14-Sep-14",-72.6733723,41.7658043
"408","Dallas Area Rapid Transit","Dallas Area Rapid Transit, Dallas, TX","5-Feb-07",-96.5987204,32.9046942
"409","Transit Authority of River City","Transit Authority of River City, Louisville, KY","4-Nov-11",-85.7688079,38.2467802
"410","Kitsap Transit","Kitsap Transit, Bremerton, WA","13-Dec-09",-122.6250228,47.5634918
"411","Amarillo City Transit","Amarillo City Transit, Amarillo, TX","1-Jan-19",-101.8312969,35.2219971
"412","Chattanooga Area Regional Transportation Authority","Chattanooga Area Regional Transportation Authority, Chattanooga, TN","15-Aug-13",-85.2693429,35.0571557
"413","Yuma Metropolitan Planning Organization","Yuma Metropolitan Planning Organization, Yuma, AZ","1-Jan-12",-114.6223983,32.6848834
"414","Fort Worth Transportation Authority","Fort Worth Transportation Authority, Fort Worth, TX","22-Jan-12",-97.3307658,32.7554883
"415","Virginia Railway Express","Virginia Railway Express, Alexandria, VA","8-Nov-10",-77.0989363,38.8071621
"416","Eastern Contra Costa Transit Authority","Eastern Contra Costa Transit Authority, Antioch, CA","8-Sep-16",-121.805789,38.0049214
"417","Richland County Transit","Richland County Transit, Mansfield, OH","30-Jun-22",-82.5148773,40.7644233
"418","Capital Area Transit","Capital Area Transit, Harrisburg, PA","1-Nov-16",-76.8759696,40.2708186
"419","Thousand Oaks Transit","Thousand Oaks Transit, Thousand Oaks, CA","25-Jun-09",-118.8614142,34.1747589
"420","Michiana Area Council of Governments","Michiana Area Council of Governments, South Bend, IN","30-Jun-22",-86.253069,41.675381
"421","Snohomish County Transportation Benefit Area Corporation","Snohomish County Transportation Benefit Area Corporation, Everett, WA","12-Jun-10",-122.2341253,47.8858744
"422","Waco Transit System, Inc.","Waco Transit System, Inc., Waco, TX","30-Jun-22",-97.1466695,31.549333
"423","Metro Regional Transit Authority","Metro Regional Transit Authority, Akron, OH","13-Nov-18",-81.5190053,41.0814447
"424","Staten Island Rapid Transit Operating Authority, dba: MTA Staten Island Railway","Staten Island Rapid Transit Operating Authority, dba: MTA Staten Island Railway, Staten Island, NY","8-Sep-13",-74.0760004,40.6405207
"425","Colorado Springs Transit System","Colorado Springs Transit System, Colorado Springs, CO","4-Jul-10",-104.8218939,38.8348552
"426","Clarksville Transit System","Clarksville Transit System, Clarksville, TN","18-Feb-21",-87.358458,36.527992
"427","Nashua Transit System","Nashua Transit System, Nashua, NH","30-Jun-22",-71.4975559,42.7488642
"428","Midland-Odessa Urban Transit District","Midland-Odessa Urban Transit District, Odessa, TX","30-Jun-22",-102.2522487,31.9391746
"429","Pee Dee Regional Transportation Authority","Pee Dee Regional Transportation Authority, Florence, SC","1-Dec-21",-79.7155838,34.1940345
"430","City of Bangor - BAT Community Connector","City of Bangor - BAT Community Connector, Bangor, ME","30-Jun-22",-68.7712257,44.8016128
"431","Transit Authority of Omaha","Transit Authority of Omaha, Omaha, NE","29-Mar-20",-95.9345034,41.2565369
"432","City of Tallahassee","City of Tallahassee, Tallahassee, FL","4-Apr-15",-84.3320344,30.4395863
"433","South Metro Area Rapid Transit","South Metro Area Rapid Transit, Wilsonville, OR","1-Jan-11",-122.7726687,45.3029344
"434","Crescent City Connection Division - Louisiana Department of Transportation","Crescent City Connection Division - Louisiana Department of Transportation, New Orleans, LA","30-Jun-22",-90.0366719,29.9334912
"435","Albany Transit System","Albany Transit System, Albany, GA","30-Jun-22",-84.155741,31.5785074
"436","City of Pocatello - Pocatello Regional Transit","City of Pocatello - Pocatello Regional Transit, Pocatello, ID","26-Aug-13",-112.3906121,42.8234002
"437","Shreveport Area Transit System","Shreveport Area Transit System, Shreveport, LA","19-Nov-20",-93.7501789,32.5251516
"438","Memphis Area Transit Authority","Memphis Area Transit Authority, Memphis, TN","8-Nov-20",-90.0102545,35.1769773
"439","Placer County Department of Public Works","Placer County Department of Public Works, Auburn, CA","14-Sep-08",-121.0768901,38.8965654
"440","City of Holland Macatawa Area Express","City of Holland Macatawa Area Express, Holland, MI","30-Jun-22",-86.0963977,42.7910807
"441","Howard Transit","Howard Transit, Laurel, MD","13-Jun-10",-76.8527884,39.0975558
"442","Pierce County Ferry Operations","Pierce County Ferry Operations, Tacoma, WA","1-Sep-20",-122.4442906,47.2528768
"443","VIA Metropolitan Transit","VIA Metropolitan Transit, San Antonio, TX","13-Jun-11",-98.4945922,29.4251905
"444","Berkshire Regional Transit Authority","Berkshire Regional Transit Authority, Pittsfield, MA","1-Jul-09",-73.2537241,42.4515132
"445","Lafayette Transit System","Lafayette Transit System, Lafayette, LA","30-Jun-22",-92.014232,30.226679
"446","Bay Metropolitan Transit Authority","Bay Metropolitan Transit Authority, Bay City, MI","30-Jun-22",-83.8872568,43.6015397
"447","Tioga County","Tioga County, Owego, NY","30-Jun-22",-76.2621549,42.1034075
"448","San Francisco Bay Area Rapid Transit District","San Francisco Bay Area Rapid Transit District, Oakland, CA","1-Jan-07",-122.2711639,37.8043514
"449","Collier Area Transit","Collier Area Transit, Naples, FL","5-Apr-17",-81.7638159,26.1265052
"450","New York Bus Tours, Inc., dba: New York Bus Service","New York Bus Tours, Inc., dba: New York Bus Service, Bronx, NY","31-Dec-05",-73.8648268,40.8447819
"451","Columbia Transit","Columbia Transit, Columbia, MO","30-Jun-22",-92.3340724,38.9517053
"452","Puerto Rico Highway and Transportation Authority","Puerto Rico Highway and Transportation Authority, San Juan, PR","1-Aug-15",-66.080575,18.4540423
"453","Suffolk County Department of Public Works - Transportation Division","Suffolk County Department of Public Works - Transportation Division, Yaphank, NY","1-Jan-17",-72.9164448,40.8273602
"454","University of Iowa","University of Iowa, Iowa City, IA","8-Oct-18",-91.5549771,41.6627078
"455","City of Rome Transit Department","City of Rome Transit Department, Rome, GA","30-Jun-22",-85.1646726,34.257038
"456","Greater Bridgeport Transit Authority","Greater Bridgeport Transit Authority, Bridgeport, CT","5-Nov-17",-73.1874015,41.1801209
"457","University of Arkansas, Fayetteville","University of Arkansas, Fayetteville, Fayetteville, AR","24-Aug-09",-94.1748471,36.0686895
"458","Jacksonville Transportation Authority","Jacksonville Transportation Authority, Jacksonville, FL","2-Jun-14",-81.6777648,30.3312892
"459","Manchester Transit Authority","Manchester Transit Authority, Manchester, NH","30-Jun-22",-71.4666417,42.9768944
"460","City of Denton Public Transportation Department","City of Denton Public Transportation Department, Denton, TX","11-Apr-11",-97.0797665,33.2131364
"461","Augusta Richmond County Transit Department","Augusta Richmond County Transit Department, Augusta, GA","30-Jun-22",-81.973036,33.3735902
"462","Clark County Public Transportation Benefit Area Authority","Clark County Public Transportation Benefit Area Authority, Vancouver, WA","18-Sep-13",-122.673865,45.6280277
"463","Laredo Transit Management, Inc.","Laredo Transit Management, Inc., Laredo, TX","30-Jun-22",-99.4772994,27.5074902
"464","Delaware Transit Corporation","Delaware Transit Corporation, Dover, DE","23-May-10",-75.5104293,39.1511573
"465","Southeastern Regional Transit Authority","Southeastern Regional Transit Authority, New Bedford, MA","22-Apr-13",-70.9275305,41.6360798
"466","City of San Angelo","City of San Angelo, San Angelo, TX","30-Jun-22",-100.4107513,31.4567642
"467","Middletown Transit District","Middletown Transit District, Middletown, CT","1-Jan-21",-72.649406,41.561231
"468","Hill Country Transit District","Hill Country Transit District, San Saba, TX","30-Jun-22",-98.7188245,31.1897392
"469","Greater Lafayette Public Transportation Corporation","Greater Lafayette Public Transportation Corporation, Lafayette, IN","17-Jan-11",-86.8752869,40.4167022
"470","MTA Bus Company","MTA Bus Company, New York, NY","3-Jan-10",-73.7795012,40.5928924
"471","Omnitrans","Omnitrans, San Bernardino, CA","6-Jan-14",-117.3245322,34.1087495
"472","Southwest Ohio Regional Transit Authority","Southwest Ohio Regional Transit Authority, Cincinnati, OH","27-May-12",-84.5385971,39.1166076
"473","Regional Transit Service, Inc. and Lift Line, Inc.","Regional Transit Service, Inc. and Lift Line, Inc., Rochester, NY","1-Apr-19",-77.6088465,43.1565779
"474","Pueblo Transit System","Pueblo Transit System, Pueblo, CO","1-Oct-21",-104.6130908,38.26338
"475","City of Canton Transit","City of Canton Transit, Canton, GA","30-Sep-07",-84.4907621,34.2367621
"476","Greater Glens Falls Transit System","Greater Glens Falls Transit System, Queensbury, NY","4-Sep-18",-73.603425,43.344817
"477","City of Greeley - Transit Services","City of Greeley - Transit Services, Greeley, CO","28-Nov-20",-104.698204,40.434188
"478","Santee Wateree Regional Transportation Authority","Santee Wateree Regional Transportation Authority, Sumter, SC","19-Nov-20",-80.3400953,33.917027
"479","Cape Cod Regional Transit Authority","Cape Cod Regional Transit Authority, Hyannis, MA","22-May-09",-70.2776665,41.6606549
"480","Kansas City Area Transportation Authority","Kansas City Area Transportation Authority, Kansas City, MO","28-Sep-14",-94.5684066,39.0914888
"481","Puerto Rico Ports Authority","Puerto Rico Ports Authority, San Juan, PR","30-Jun-22",-66.1057355,18.4655394
"482","Cape Ann Transportation Authority","Cape Ann Transportation Authority, Gloucester, MA","1-Aug-09",-70.6619888,42.6159285
"483","Bettendorf Transit System","Bettendorf Transit System, Bettendorf, IA","30-Jun-22",-90.5072573,41.5262641
"484","Birmingham-Jefferson County Transit Authority","Birmingham-Jefferson County Transit Authority, Birmingham, AL","1-Jan-12",-86.8078917,33.5123901
"485","Brockton Area Transit Authority","Brockton Area Transit Authority, Brockton, MA","1-Jan-08",-71.0147739,42.0856071
"486","City of Monroe Transit System","City of Monroe Transit System, Monroe, LA","30-Jun-22",-92.1129219,32.5063714
"487","Asheville Transit System","Asheville Transit System, Asheville, NC","1-Jan-12",-82.5654983,35.5899543
"488","Montachusett Regional Transit Authority","Montachusett Regional Transit Authority, Fitchburg, MA","1-Jan-09",-71.7750008,42.55782
"489","Lower Rio Grande Valley Development Council","Lower Rio Grande Valley Development Council, McAllen, TX","30-Jun-22",-98.2300124,26.2034071
"490","Metropolitan Suburban Bus Authority, dba: MTA Long Island Bus","Metropolitan Suburban Bus Authority, dba: MTA Long Island Bus, Garden City, NY","24-Jan-10",-73.6341692,40.7261952
"491","Sioux City Transit System","Sioux City Transit System, Sioux City, IA","1-Jan-18",-96.4036644,42.4955892
"492","Private One of New York, LLC, dba: New York Airport Service","Private One of New York, LLC, dba: New York Airport Service, Brooklyn, NY","30-Jun-22",-73.9441579,40.6781784
"493","Monroe Bus Corporation","Monroe Bus Corporation, Brooklyn, NY","30-Jun-22",-73.9535111,40.6978375
